{"model/total_parameters": 18510338, "model/trainable_parameters": 18510338, "model/non_trainable_parameters": 0, "_timestamp": 1752413716.501627, "_runtime": 1074.4846470355988, "_step": 28156, "train/loss": 1.8030307273875223e-06, "train/avg_loss": 0.04403294323421817, "train/accuracy": 0.9856444444444444, "learning_rate": 1.0000000000000005e-09, "val/accuracy": 0.8882, "val/loss": 0.5996615891406079, "val/precision": 0.8882233778800798, "val/recall": 0.8882, "val/f1": 0.8881983168927419, "epoch": 19, "textcnn_accuracy_curves": {"_type": "image-file", "sha256": "4438f2dd9b130b51f5c26b3ab1a2d853d73aab97d0a724daa99ade424eccc690", "size": 48620, "path": "media/images/textcnn_accuracy_curves_28140_4438f2dd9b130b51f5c2.png", "format": "png", "width": 1500, "height": 500}, "learning_curves": {"_type": "image-file", "sha256": "1c47350ff945d9c81b0be05261c7e2c33257850b27827ff1dad1abd432ea5854", "size": 47041, "path": "media/images/learning_curves_28140_1c47350ff945d9c81b0b.png", "format": "png", "width": 1500, "height": 500}, "test/accuracy": 0.8882, "test/precision": 0.8882233778800798, "test/recall": 0.8882, "test/f1": 0.8881983168927419, "confusion_matrix/textcnn_-_test": {"_type": "image-file", "sha256": "fdd79ba4d88aecc5b4f39c6d38c83bb8c257f18f52c106a2db95a8385934d6ed", "size": 22668, "path": "media/images/confusion_matrix/textcnn_-_test_28141_fdd79ba4d88aecc5b4f3.png", "format": "png", "width": 800, "height": 600}, "test/class_negative_precision": 0.8912359912924293, "test/class_negative_recall": 0.88432, "test/class_negative_f1-score": 0.8877645263622856, "test/class_negative_support": 12500.0, "test/class_positive_precision": 0.8852107644677304, "test/class_positive_recall": 0.89208, "test/class_positive_f1-score": 0.888632107423198, "test/class_positive_support": 12500.0, "test/macro_avg_precision": 0.8882233778800799, "test/macro_avg_recall": 0.8882, "test/macro_avg_f1-score": 0.8881983168927419, "test/macro_avg_support": 25000.0, "test/weighted_avg_precision": 0.8882233778800798, "test/weighted_avg_recall": 0.8882, "test/weighted_avg_f1-score": 0.8881983168927419, "test/weighted_avg_support": 25000.0, "_wandb": {"runtime": 1073}}