{"test/class_positive_f1-score":0.8652803624888744,"_runtime":332.639694243,"learning_curves":{"format":"png","width":1500,"height":500,"_type":"image-file","sha256":"d98dfac243ac3d1cf6968996dfd9f7f4d66e80e1307353247130c5d97be09fb8","size":51450,"path":"media/images/learning_curves_15567_d98dfac243ac3d1cf696.png"},"test/recall":0.8668,"_step":15585,"test/precision":0.8669867792424478,"_timestamp":1.7523971094626837e+09,"model/total_parameters":3131298,"test/class_positive_recall":0.85552,"test/macro_avg_support":25000,"model/trainable_parameters":3131298,"test/class_negative_precision":0.8587075575027382,"test/class_negative_support":12500,"test/weighted_avg_recall":0.8668,"test/class_positive_precision":0.8752660009821575,"test/weighted_avg_precision":0.8669867792424478,"model/non_trainable_parameters":0,"test/macro_avg_f1-score":0.8667830496883894,"test/weighted_avg_f1-score":0.8667830496883893,"test/macro_avg_recall":0.8668,"test/class_negative_f1-score":0.8682857368879043,"train/loss":0.09279123693704605,"_wandb":{"runtime":332},"test/macro_avg_precision":0.8669867792424478,"test/class_negative_recall":0.87808,"test/class_positive_support":12500,"test/weighted_avg_support":25000,"confusion_matrix/lstm_-_test":{"path":"media/images/confusion_matrix/lstm_-_test_15569_a3a8711dfa83038547e5.png","format":"png","width":800,"height":600,"_type":"image-file","sha256":"a3a8711dfa83038547e59c2ba912149cff536f522bfe3d89772fc8d02ac6b1a0","size":23300},"learning_rate":1.0000000000000002e-06,"test/accuracy":0.8668,"test/f1":0.8667830496883893,"train/avg_loss":0.1325015111067528}