{"model/total_parameters": 109483778, "model/trainable_parameters": 109483778, "model/non_trainable_parameters": 0, "_timestamp": 1752476167.1544738, "_runtime": 10988.71563577652, "_step": 28156, "train/loss": 4.2468303718123934e-07, "train/avg_loss": 0.0010819254303634596, "train/accuracy": 0.9998222222222222, "learning_rate": 4.4215180545320565e-09, "val/accuracy": 0.9332, "val/loss": 0.7498080774922111, "val/precision": 0.9332224582522358, "val/recall": 0.9332, "val/f1": 0.93319913426078, "epoch": 19, "bert_accuracy_curves": {"_type": "image-file", "sha256": "be1cac0141e02b82b13b8153ae4d59efdb006d4ea12565bbf1a4a2552197f59a", "size": 49065, "path": "media/images/bert_accuracy_curves_28140_be1cac0141e02b82b13b.png", "format": "png", "width": 1500, "height": 500}, "learning_curves": {"_type": "image-file", "sha256": "9eb3938d2e17fa33950f06596da150420e8c4f0a34fad858d08d63901d9198fd", "size": 60208, "path": "media/images/learning_curves_28140_9eb3938d2e17fa33950f.png", "format": "png", "width": 1500, "height": 500}, "test/accuracy": 0.93992, "test/precision": 0.9400281863859725, "test/recall": 0.93992, "test/f1": 0.9399163069197546, "confusion_matrix/bert_-_test": {"_type": "image-file", "sha256": "0d2036ba519335809e2fde7098822ac91483cc00364a8f6a6c126af807bfaa9e", "size": 22267, "path": "media/images/confusion_matrix/bert_-_test_28141_0d2036ba519335809e2f.png", "format": "png", "width": 800, "height": 600}, "test/class_negative_precision": 0.9469278283485045, "test/class_negative_recall": 0.93208, "test/class_negative_f1-score": 0.9394452507660055, "test/class_negative_support": 12500.0, "test/class_positive_precision": 0.9331285444234405, "test/class_positive_recall": 0.94776, "test/class_positive_f1-score": 0.9403873630735037, "test/class_positive_support": 12500.0, "test/macro_avg_precision": 0.9400281863859725, "test/macro_avg_recall": 0.9399200000000001, "test/macro_avg_f1-score": 0.9399163069197546, "test/macro_avg_support": 25000.0, "test/weighted_avg_precision": 0.9400281863859725, "test/weighted_avg_recall": 0.93992, "test/weighted_avg_f1-score": 0.9399163069197546, "test/weighted_avg_support": 25000.0, "_wandb": {"runtime": 10987}}