{"model/total_parameters": 4157442, "model/trainable_parameters": 4157442, "model/non_trainable_parameters": 0, "_timestamp": 1752479067.4362195, "_runtime": 2018.6478624343872, "_step": 28156, "train/loss": 0.002813387429341674, "train/avg_loss": 0.032099843894375445, "train/accuracy": 0.9937333333333334, "learning_rate": 1.0000000000000005e-09, "val/accuracy": 0.8736, "val/loss": 0.5457128438843522, "val/precision": 0.8736239119303635, "val/recall": 0.8736, "val/f1": 0.8735979775676412, "epoch": 19, "lstm_accuracy_curves": {"_type": "image-file", "sha256": "de00aea35659caeaa4d66bee12c2e50d10ec94414838910be8811693e0c8437d", "size": 45573, "path": "media/images/lstm_accuracy_curves_28140_de00aea35659caeaa4d6.png", "format": "png", "width": 1500, "height": 500}, "learning_curves": {"_type": "image-file", "sha256": "040c39da8280948673d7d7597dc3cbb0e5116d2dce7a7d3819e95709602a2667", "size": 50072, "path": "media/images/learning_curves_28140_040c39da8280948673d7.png", "format": "png", "width": 1500, "height": 500}, "test/accuracy": 0.86172, "test/precision": 0.8618211501418198, "test/recall": 0.86172, "test/f1": 0.8617103349906284, "confusion_matrix/lstm_-_test": {"_type": "image-file", "sha256": "ae2ce17b63d8caa21921a25ebd16effb6f79607dec06c96a74ba4ebbd2bfebe1", "size": 22910, "path": "media/images/confusion_matrix/lstm_-_test_28141_ae2ce17b63d8caa21921.png", "format": "png", "width": 800, "height": 600}, "test/class_negative_precision": 0.8557715005114486, "test/class_negative_recall": 0.87008, "test/class_negative_f1-score": 0.8628664365901068, "test/class_negative_support": 12500.0, "test/class_positive_precision": 0.8678707997721911, "test/class_positive_recall": 0.85336, "test/class_positive_f1-score": 0.86055423339115, "test/class_positive_support": 12500.0, "test/macro_avg_precision": 0.8618211501418198, "test/macro_avg_recall": 0.86172, "test/macro_avg_f1-score": 0.8617103349906283, "test/macro_avg_support": 25000.0, "test/weighted_avg_precision": 0.8618211501418198, "test/weighted_avg_recall": 0.86172, "test/weighted_avg_f1-score": 0.8617103349906284, "test/weighted_avg_support": 25000.0, "_wandb": {"runtime": 2017}}