{"model/total_parameters": 8468738, "model/trainable_parameters": 8468738, "model/non_trainable_parameters": 0, "_timestamp": 1752410785.2580771, "_runtime": 84.49922513961792, "_step": 2507, "train/loss": 0.4762156009674072, "train/avg_loss": 0.5365927792336118, "learning_rate": 0.001, "val/loss": 0.3920208329128689, "val/accuracy": 0.82856, "val/precision": 0.8368243524922109, "val/recall": 0.82856, "val/f1": 0.8275018927461474, "epoch": 0, "_wandb": {"runtime": 83}}