{"model/total_parameters": 17135618, "model/trainable_parameters": 17135618, "model/non_trainable_parameters": 0, "_timestamp": 1752416719.1343532, "_runtime": 694.5907640457153, "_step": 7056, "train/loss": 0.02526663802564144, "train/avg_loss": 0.044342656537853305, "train/accuracy": 0.9888, "learning_rate": 1.0000000000000005e-09, "val/accuracy": 0.8376, "val/loss": 0.6094334337860345, "val/precision": 0.8376423538568677, "val/recall": 0.8376, "val/f1": 0.8375949069762828, "epoch": 19, "lstm_accuracy_curves": {"_type": "image-file", "sha256": "e35fb5980245b733761959773110e8af4aab556b5bbc9391edcd59e8b9521fa4", "size": 45567, "path": "media/images/lstm_accuracy_curves_7040_e35fb5980245b7337619.png", "format": "png", "width": 1500, "height": 500}, "learning_curves": {"_type": "image-file", "sha256": "c1b9e835c8c4a014595e57c0f4ed23472afdae6291b629f350f60c9f529c109f", "size": 51049, "path": "media/images/learning_curves_7040_c1b9e835c8c4a014595e.png", "format": "png", "width": 1500, "height": 500}, "test/accuracy": 0.82908, "test/precision": 0.8294975920682837, "test/recall": 0.82908, "test/f1": 0.8290258285435157, "confusion_matrix/lstm_-_test": {"_type": "image-file", "sha256": "ebccae4cd93a2ff3b4e2bee1437fec301ba16b30b4d149e4f08c4a9c9b9cfb9e", "size": 26235, "path": "media/images/confusion_matrix/lstm_-_test_7041_ebccae4cd93a2ff3b4e2.png", "format": "png", "width": 800, "height": 600}, "test/class_negative_precision": 0.8177674777906527, "test/class_negative_recall": 0.84688, "test/class_negative_f1-score": 0.8320691687954411, "test/class_negative_support": 12500.0, "test/class_positive_precision": 0.8412277063459146, "test/class_positive_recall": 0.81128, "test/class_positive_f1-score": 0.8259824882915903, "test/class_positive_support": 12500.0, "test/macro_avg_precision": 0.8294975920682837, "test/macro_avg_recall": 0.82908, "test/macro_avg_f1-score": 0.8290258285435157, "test/macro_avg_support": 25000.0, "test/weighted_avg_precision": 0.8294975920682837, "test/weighted_avg_recall": 0.82908, "test/weighted_avg_f1-score": 0.8290258285435157, "test/weighted_avg_support": 25000.0, "_wandb": {"runtime": 693}}