{"test/precision":0.8686762801054906,"learning_curves":{"height":500,"_type":"image-file","sha256":"9b18f4c8ca973bb72a94d96e567466bb432e1552896d7292ef091b53802f8edd","size":55429,"path":"media/images/learning_curves_14004_9b18f4c8ca973bb72a94.png","format":"png","width":1500},"_runtime":158.964371607,"test/macro_avg_recall":0.8686400000000001,"model/trainable_parameters":2620902,"test/weighted_avg_f1-score":0.8686367682543179,"test/macro_avg_support":25000,"_step":14022,"confusion_matrix/textcnn_-_test":{"width":800,"height":600,"_type":"image-file","sha256":"c7aceec4ae02455f65415fc390ef98702b4243f91be0a05803c33a643b17eb41","size":23723,"path":"media/images/confusion_matrix/textcnn_-_test_14006_c7aceec4ae02455f6541.png","format":"png"},"learning_rate":1e-05,"test/accuracy":0.86864,"model/non_trainable_parameters":0,"test/class_negative_recall":0.86368,"_timestamp":1.7523967633711805e+09,"test/recall":0.86864,"test/class_positive_f1-score":0.8692883298837765,"test/weighted_avg_support":25000,"test/class_negative_precision":0.872333548804137,"test/class_negative_f1-score":0.8679852066248593,"test/class_negative_support":12500,"train/loss":0.14467133581638336,"_wandb":{"runtime":158},"test/f1":0.8686367682543179,"test/class_positive_recall":0.8736,"test/class_positive_precision":0.8650190114068441,"test/weighted_avg_precision":0.8686762801054906,"test/weighted_avg_recall":0.86864,"train/avg_loss":0.18868758094321433,"model/total_parameters":2620902,"test/macro_avg_f1-score":0.8686367682543179,"test/class_positive_support":12500,"test/macro_avg_precision":0.8686762801054906}