{"model/total_parameters": 8468738, "model/trainable_parameters": 8468738, "model/non_trainable_parameters": 0, "_timestamp": 1752411166.461649, "_runtime": 134.94995093345642, "_step": 7835, "train/loss": 0.14921271800994873, "train/avg_loss": 0.10293233369886363, "train/accuracy": 0.9631710362047441, "learning_rate": 0.0001, "val/accuracy": 0.88376, "val/loss": 0.3636943257786268, "val/precision": 0.8837757194534689, "val/recall": 0.88376, "val/f1": 0.8837588096902113, "epoch": 4, "_wandb": {"runtime": 134}}