{"model/total_parameters": 103510018, "model/trainable_parameters": 103510018, "model/non_trainable_parameters": 0, "_timestamp": 1752415491.059132, "_runtime": 1741.373785018921, "_step": 4114, "train/loss": 0.675190806388855, "train/avg_loss": 0.7003556906398125, "train/accuracy": 0.5076383551114527, "learning_rate": 0.001, "val/accuracy": 0.5, "val/loss": 0.6938792972403006, "val/precision": 0.25, "val/recall": 0.5, "val/f1": 0.33333333333333326, "epoch": 1, "_wandb": {"runtime": 1754}}