{"model/total_parameters": 8468738, "model/trainable_parameters": 8468738, "model/non_trainable_parameters": 0, "_timestamp": 1752411899.6136043, "_runtime": 700.9996702671051, "_step": 28140, "train/loss": 0.02859380841255188, "train/avg_loss": 0.06037741123298625, "train/accuracy": 0.9791111111111112, "learning_rate": 1.0000000000000005e-09, "val/accuracy": 0.88708, "val/loss": 0.3988084101488743, "val/precision": 0.8870932020459118, "val/recall": 0.88708, "val/f1": 0.8870790371907027, "epoch": 19, "_wandb": {"runtime": 820}}